,webtoon_num,webtoon_name
0,736277,싸움독학
1,748105,독립일기
2,670152,열렙전사
3,746858,이번 생도 잘 부탁해
4,729326,맘마미안
5,758150,입학용병
6,743838,소녀재판
7,751207,천하제일인
8,732955,닥터앤닥터 육아일기
9,690503,도망자
10,744384,경비 배두만
11,721463,극야
12,730657,오로지 너를 이기고 싶어
13,758663,두근두근 연극부
14,755982,벚꽃이 흩날릴 무렵
15,733047,행성인간
16,728128,합격시켜주세용
17,655746,마법스크롤 상인 지오
18,728900,인어를 위한 수영교실
19,695796,내일
20,755674,AI가 세상을 지배한다면
21,750558,로어 올림푸스
22,759641,오늘 밤만 재워줘
23,759567,판사 이한영
24,710751,약한영웅
25,727476,구름이 피워낸 꽃
26,703844,가비지타임
27,557676,다이스(DICE)
28,761104,곱게 키웠더니 짐승
29,737628,별이삼샵
30,733728,강남도깨비
31,753842,데빌샷
32,761514,"라커, 오프너"
33,758674,스트러글
34,739097,학교정벌
35,751992,오른눈이 보는 세계
36,741458,아르세니아의 마법사
37,736641,라일락 200%
38,730607,평행도시
39,740387,잉여특공대
40,758145,호시탐탐
41,738547,선녀야 야옹해봐!
42,726454,무주의 맹시
43,745652,신이 담긴 아이
44,745409,소녀 해미
45,733768,오늘도 사랑하세요
46,752462,데이즈
47,721109,Here U Are
48,729883,위험한 신입사원
49,747370,여름은 뜨겁다
50,744313,죽여주는 탐정님
51,743721,불발소년
52,732224,인싸라이프
53,648419,뷰티풀 군바리
54,758037,참교육
55,602910,윈드브레이커
56,733074,백수세끼
57,654774,소녀의 세계
58,754781,바이러스X
59,728750,장씨세가 호위무사
60,759940,만렙돌파
61,749632,파이게임
62,739115,앵무살수
63,709731,유일무이 로맨스
64,730174,칼가는 소녀
65,716857,오늘의 순정망화
66,703849,요리GO
67,21815,히어로메이커
68,741891,결혼생활 그림일기
69,753858,싸이코 리벤지
70,738809,아는 여자애
71,752414,리턴 투 플레이어
72,698888,이것도 친구라고
73,726212,삶이 우리를 속일지라도
74,743031,사장님을 잠금해제
75,752350,왕따협상
76,761463,개밥 먹는 남자
77,747273,침범
78,687915,꿈의 기업
79,756790,보살님이 캐리해!
80,745474,서브 콤플렉스
81,761461,순정말고 순종
82,744320,와이키키 뱀파이어
83,706590,피플
84,728007,도플갱어의 게임
85,746786,두근두근 네가 좋아서
86,752413,이중첩자
87,733078,정보전사 202
88,752530,원하는 건 너 하나
89,754484,안녕 나의 모모로
90,738488,지구멸망버튼
91,730391,하슬라
92,734399,여기 악마가 있어
93,721455,뱀파이어의 꽃
94,689845,부산스런 웹툰
95,754872,헬로맨스
96,737378,블루투스
97,733770,인간의 온도
98,750493,드로잉 레시피
99,745654,백호랑
100,734918,모락모락 왕세자님
101,597478,평범한 8반
102,744375,결백한 사람은 없다
103,703846,여신강림
104,752803,관계의 종말
105,703852,바른연애 길잡이
106,743139,한림체육관
107,738487,하루만 네가 되고 싶어
108,702608,랜덤채팅의 그녀!
109,730656,사신소년
110,752072,후기
111,757904,호랑이 들어와요
112,719508,헬58
113,738174,중증외상센터 : 골든 아워
114,683496,신도림
115,711422,삼국지톡
116,698918,원주민 공포만화
117,753856,달콤살벌한 부부
118,754875,아이레
119,716857,오늘의 순정망화
120,755601,성인초딩
121,721433,집이 없어
122,740034,견우와 선녀
123,677452,체크포인트
124,616239,윌유메리미
125,753839,빅맨
126,741449,용왕님의 셰프가 되었습니다
127,755694,오피스 누나 이야기
128,753853,"플레이, 플리"
129,602287,신의 언어
130,738144,별종
131,726214,정년이
132,733080,그놈은 흑염룡
133,748352,한강예찬
134,654138,은주의 방 2~3부
135,732988,올가미
136,758672,피로만땅
137,752532,연우의 순정
138,733458,3cm 헌터
139,744381,오파츠
140,738145,숲속의 담
141,752531,완벽한 가족
142,759923,인문학적 감수성
143,703850,자판귀
144,746535,언메이크
145,747666,도를 아십니까
146,737019,조선홍보대행사 조대박
147,731019,그날 죽은 나는
148,733006,너에게만 보이는
149,745207,필살VS로맨스
150,738483,안식의 밤
151,748045,빛빛빛
152,739114,아이고 아이고
153,733765,저세상 클라스!
154,735247,장단에 맞춰줘!
155,676695,제로게임
156,662774,고수
157,747269,전지적 독자 시점
158,626907,복학왕
159,728015,모죠의 일지
160,760001,하렘의 남자들
161,701535,격기3반
162,738694,튜토리얼 탑의 고인물
163,738143,여주실격!
164,736744,캐슬
165,749639,남주의 첫날밤을 가져버렸다
166,733079,원수를 사랑하라
167,748536,사상최강
168,667573,연놈
169,702672,노곤하개
170,728126,고삼무쌍
171,732955,닥터앤닥터 육아일기
172,717481,일렉시드
173,750184,나쁜사람
174,730425,판타지 여동생!
175,731297,갓물주
176,750826,빌드업
177,749055,각자의 디데이
178,671421,언덕 위의 제임스
179,718020,귀곡의 문
180,731978,정순애 식당
181,755668,마녀와 용의 신혼일기
182,748535,마른 가지에 바람처럼
183,750558,로어 올림푸스
184,733034,방탈출
185,725829,아도나이
186,710760,이츠마인
187,745589,범이올시다!
188,742105,미래의 골동품 가게
189,735979,얼굴천재
190,752533,새벽 두 시의 신데렐라
191,747637,더 트웰브
192,759894,평화선도부
193,741150,당신의 향수
194,755758,속보입니다
195,731939,나의 우주
196,756606,시효완성
197,747961,인터셉트
198,739113,기억흔적
199,740481,천도
200,751642,스캔들
201,751625,수상한 비밀상담부
202,736699,저승사자 출입금지
203,745236,스몰
204,737009,FM보이
205,743026,비스타
206,745473,노선도
207,736281,럭키언럭키
208,761498,엔딩 후 서브남을 주웠다
209,570503,연애혁명
210,748105,독립일기
211,736989,더 복서
212,557672,기기괴괴
213,731130,이두나!
214,756137,노답소녀
215,699415,간 떨어지는 동거
216,747271,나노마신
217,739503,화이트 블러드
218,710761,하드캐리
219,637931,전자오락수호대
220,727798,겟백
221,746857,무사만리행
222,758439,던전 씹어먹는 아티팩트
223,741825,꽃만 키우는데 너무강함
224,716857,오늘의 순정망화
225,728619,병의 기록
226,740487,신비
227,759129,달라 보여도 모두 같은 가족
228,738194,당신의 과녁
229,131385,쿠베라
230,701700,트롤트랩
231,748069,선의의 경쟁
232,570506,최강전설 강해효
233,758587,자취방 신선들
234,759475,헬프미
235,753222,시월드 판타지
236,715935,롤랑롤랑
237,748831,별을 삼킨 너에게
238,737032,셧업앤댄스
239,731930,안개무덤
240,754873,스크립토리움
241,721459,날 가져요
242,726091,오일머니
243,753307,우리는 요정!
244,733033,로그아웃
245,733076,겟라이프
246,743270,집사레인저
247,670145,킬더킹
248,738173,셈하는 사이
249,742351,소녀180
250,754876,카루나
251,724482,미드나잇 체이서
252,751993,보물과 괴물의 도시
253,736928,스테어스
254,739439,손아귀
255,738843,불릿 6미리
256,745472,온새미로
257,753223,악령주의보
258,733077,깁스맨
259,736274,밤하늘에 구름운
260,729964,만물의 영장
261,641253,외모지상주의
262,759457,여성전용헬스장 진달래짐
263,753478,데드퀸
264,752803,관계의 종말
265,318995,갓 오브 하이스쿨
266,735661,재혼 황후
267,725586,1초
268,712362,개를 낳았다
269,711422,삼국지톡
270,726095,살人스타그램
271,751208,뫼신 사냥꾼
272,746534,낙향문사전
273,700844,걸어서 30분
274,729044,난약
275,727784,사냥개들
276,708452,냐한남자
277,745876,플레이어
278,735243,복학생 정순이
279,748534,구남친이 내게 반했다
280,752402,성경의 역사
281,718019,옆집친구
282,729963,가슴털 로망스
283,729767,고래별
284,740377,신상 미스터리 극장
285,729938,금혼령-조선혼인금지령
286,749633,피와 나비
287,751168,상남자
288,729571,소심한 팔레트
289,552960,더 게이머
290,745653,얌전한 사이
291,655749,닥터 프로스트 시즌 3~4
292,758677,히트포인트
293,760350,낢다른 광화문광장 이야기
294,732036,후덜덜덜 남극전자
295,737839,도롱이
296,755788,진짜 정말 맹세코 좋아해
297,761496,도무지 그애는
298,741467,너의 미소가 함정
299,751999,백년게임
300,730466,구독금지
301,524520,트럼프
302,738177,감히
303,739350,나쁜 쪽으로
304,644112,몽홀
305,737831,9등급 뒤집기
306,743423,스윗솔티
307,724431,버그
308,729036,합법해적 파르페
309,753806,매지컬 메디컬
310,746835,구주의 시간
311,742349,나의 첫번째 새벽
312,597447,프리드로우
313,650305,호랑이형님
314,728015,모죠의 일지
315,727188,취사병 전설이 되다
316,758619,힙한남자
317,703843,비질란테
318,730694,초인의 시대
319,721948,스터디그룹
320,753509,광장
321,702672,노곤하개
322,755744,왕년엔 용사님
323,742826,토끼대왕
324,746834,청춘 블라썸
325,737377,민간인 통제구역
326,703630,어글리후드
327,755581,단편.zip
328,64997,나이트런
329,733280,나를 바꿔줘
330,724815,아홉수 우리들
331,616239,윌유메리미
332,739292,두번째 생일
333,715159,갓핑크
334,732021,탑코너
335,746285,동트는 로맨스
336,755559,태백 : 튜토리얼 맨
337,757579,팔려 온 신부
338,752340,남자주인공의 여자사람친구입니다
339,753975,내게 필요한 NO맨스
340,724274,먹이
341,739127,피라미드 게임
342,729047,공유몽
343,750582,광해의 연인
344,725552,열불 로맨스
345,703839,홍시는 날 좋아해!
346,726467,틴맘
347,729563,압락사스
348,749456,웰캄투실버라이프
349,746833,"저무는 해, 시린 눈"
350,749054,동네몬스터
351,737018,회춘
352,756789,손 잡아 볼래?
353,679543,아테나 컴플렉스
354,745235,피노키오 소녀
355,753304,아침을 지나 밤으로
356,754780,인간졸업
357,733277,도사 가온
358,753973,후아유!
359,748532,"안녕, 이바다씨"
360,739411,왕세자 입학도
361,741894,꼬리 있는 연애
362,751492,커피도둑
363,742782,함부로 대해줘
364,742888,누군가의 로섬
365,735078,먹지마세요
